"","Effort","Irritated","Patient","Interested","Responsible","Responsive"
"around",0.0864833846312498,0.126796564412122,-0.261122532373916,-0.197765521263982,-0.253440338333887,-0.143101887095139
"monitor",0.119854224619975,0.0345701239708103,-0.0202663541166044,-0.0234504282861204,-0.0700675168944609,0.0365713455362002
"keyboard",-0.0705830685600004,-0.3078231424754,0.0571391320987012,0.188772210553304,-0.0383141809482903,0.0827786562901059
"face",-0.131656097920854,0.0761533016557671,0.246010998244207,0.0809353498798917,0.350848301646671,0.057418333594708
"comp_only",0.046022455074449,-0.235139145193223,0.0312847614616237,0.142190076922183,-0.0956536511902938,0.104176391114434
"no_face",0.131656097920854,-0.0761533016557671,-0.246010998244207,-0.0809353498798917,-0.350848301646671,-0.057418333594708
"body_only",-0.0339721647036637,0.0971289785441637,0.215565268302206,0.0584272793919843,0.276788967819833,0.0810533769929288
"s_speak",0.10605998877446,0.119899753287865,0.0685937999814811,0.0940599093491462,0.302804816332063,0.063071571413591
