"","Effort","Irritated","Patient","Interested","Responsible","Responsive"
"around",1.61964521492161,2.63637467587343,-2.94317253803898,-2.85735945924568,0.0190800084555029,-1.70397058353666
"monitor",0.0285782594320128,0.344603250257432,0.273693976900844,-2.31969090454438,-1.14734440352495,-0.515103642324758
"keyboard",1.04959742169772,0.170915316279391,0.577035203322766,2.11652856472928,1.84179734899051,1.05676103651301
"face",-1.93083391328855,-2.26751262862817,1.52289363699439,2.11429106504654,-0.484401014809696,0.871685022221512
"comp_only",0.966077954684736,0.44895273959625,0.754373174231609,-0.0705432827557312,0.642355070216325,0.501894982442671
"no_face",1.93083391328855,2.26751262862817,-1.52289363699439,-2.11429106504654,0.484401014809696,-0.871685022221512
"body_only",-2.33326438038594,-2.48006574651455,2.0757335168708,0.782263164434841,-1.4656547687273,0.657878988283882
"s_speak",0.0291292416626713,-0.451272797362285,0.362100659965653,0.116458979086609,-1.09724782359882,0.34462141140048
