"","Effort","Irritated","Patient","Interested","Responsible","Responsive"
"tval",0.707766788649533,0.97099153067803,0.906090825037019,2.83925626480419,1.9533981684134,1.43407238353524
"cor",0.0995956741083673,0.136042289236448,0.127101339383668,0.372615511642753,0.266278449504758,0.198761984695132
"pval",0.482376381584611,0.336226469694925,0.369233674886009,0.00652074985842368,0.0563794606706613,0.157776397299879
