"","Effort","Irritated","Patient","Interested","Responsible","Responsive"
"around",0.110077433916857,0.0104363124487186,0.00447976386817679,0.00570843408996846,0.984834843961162,0.0930908588195981
"monitor",0.977287191675233,0.731488342123052,0.785174520652326,0.0234606975283661,0.255381449806928,0.608201567672806
"keyboard",0.297731466276018,0.864813258475124,0.565878790565516,0.0380746876772909,0.0699983527088614,0.294473450902326
"face",0.0578009265359816,0.0266393054827833,0.132562637512394,0.0382722087250728,0.629704961040682,0.386540171896927
"comp_only",0.337531889182134,0.654936455298827,0.453308427373729,0.943974568688139,0.52286777778274,0.617411660966167
"no_face",0.0578009265359816,0.0266393054827833,0.132562637512394,0.0382722087250728,0.629704961040682,0.386540171896927
"body_only",0.0226910628376394,0.0156950450159809,0.0418185818052672,0.436857536192976,0.147490491323891,0.512904031215063
"s_speak",0.976849418511111,0.653272271615606,0.718433648909033,0.907642440364041,0.276520279430857,0.731474750129831
