"","Effort","Irritated","Patient","Interested","Responsible","Responsive"
"around",0.195516875868211,0.308669046160347,-0.340616077499041,-0.33179270489732,0.00234858021147591,-0.20527752462742
"monitor",0.00351771879814468,0.0423796189511268,0.0336702976233569,-0.274561038895965,-0.139840627167974,-0.0632778088875324
"keyboard",0.128131567796418,0.0210335668276804,0.0708496303737621,0.252111195461825,0.221098838237354,0.128991577124942
"face",-0.231228276148425,-0.26883626871061,0.184246043245855,0.25186158966313,-0.0595199338664358,0.106684655011975
"comp_only",0.118083993362357,0.0551780716823525,0.0924591640430744,-0.00868295051489241,0.0788224354420082,0.061661443843988
"no_face",0.231228276148425,0.26883626871061,-0.184246043245855,-0.25186158966313,0.0595199338664358,-0.106684655011975
"body_only",-0.276045516273055,-0.291973100073161,0.247552409466402,0.0958466313209738,-0.177543456015642,0.0807150874434062
"s_speak",0.00358553873913241,-0.0554623411038748,0.0445273026605356,0.0143336367014322,-0.133846592434137,0.0423818484131942
