"","Effort","Irritated","Patient","Interested","Responsible","Responsive"
"tval",1.22285592652884,1.19373335672923,1.12890821394351,2.82417390204143,2.20393402160514,0.840765397133162
"cor",0.149961428106874,0.14537738552593,0.137636495938614,0.328356891585167,0.26182204586835,0.102941263433062
"pval",0.225799401061066,0.236855395440675,0.263023232832081,0.00626187814573459,0.0310221418903506,0.403515128325514
