"","Effort","Irritated","Patient","Interested","Responsible","Responsive"
"around",0.699873558874783,1.03848201405191,-2.19761425065367,-1.63902652028987,-2.12845079028024,-1.17465481864813
"monitor",0.973311767826075,0.281016985774668,-0.164678461428041,-0.190564585092073,-0.570633672349468,0.297305900034911
"keyboard",-0.570481727041637,-2.62839231514458,0.464960143751919,1.56167010772999,-0.311494594801389,0.674812969526148
"face",-1.07076592969389,0.620474129043058,2.06197334861801,0.659686087737731,3.04379189991559,0.467239596067365
"comp_only",0.371438469199496,-1.96538547707507,0.254283072093551,1.16701525373585,-0.780673576386756,0.850963232231823
"no_face",1.07076592969389,-0.620474129043058,-2.06197334861801,-0.659686087737731,-3.04379189991559,-0.467239596067365
"body_only",-0.274050535717524,0.792828199939736,1.79342495377818,0.4754777358178,2.34006899252347,0.660654457781326
"s_speak",0.859933219166399,0.981148199891423,0.558574291308265,0.767549215448808,2.58117755255106,0.513418080511026
