"","Effort","Irritated","Patient","Interested","Responsible","Responsive"
"tval",0.85548978148453,1.26934068917355,0.840796735564565,3.40851386390464,2.19853113476142,1.59141004743682
"cor",0.104724477547422,0.154372094581726,0.102945059771545,0.386886818980454,0.261224044635896,0.192235475383254
"pval",0.395375136333495,0.208777446605979,0.403497695372505,0.00111759260566525,0.0314222699742813,0.116296111582918
