"","Effort","Irritated","Patient","Interested","Responsible","Responsive"
"around",0.486503620139378,0.302835369624206,0.0314906203433441,0.105966416342032,0.0370371040473985,0.244353620637919
"monitor",0.334006660330573,0.77957647775452,0.869700398108733,0.849451696166861,0.570185761865167,0.767166737085295
"keyboard",0.570317910026489,0.0106601366969381,0.643490405683154,0.12314832616006,0.75640647405721,0.502151736241946
"face",0.288234605425268,0.537082402346035,0.0431513524096321,0.511750785952767,0.00335279539645781,0.641867421304675
"comp_only",0.711519000770729,0.0535800771507247,0.80006745508026,0.247403425498368,0.437785602768627,0.397866650904544
"no_face",0.288234605425268,0.537082402346035,0.0431513524096321,0.511750785952767,0.00335279539645781,0.641867421304675
"body_only",0.784914824670272,0.430718753516915,0.0774863540615401,0.636016436465026,0.0223137422838191,0.511133366716285
"s_speak",0.392986496239864,0.330102653382141,0.578342508379817,0.44549235482626,0.0120756445363855,0.609373380938593
