"","Effort","Irritated","Patient","Interested","Responsible","Responsive","Pat_Resposoble"
"around",0.316814769084905,-0.881164593496362,-1.47196968192233,-1.75393570937147,-2.21850534029268,-1.41030818623163,-2.48677635138567
"monitor",0.777624791259574,-0.0995738877726856,-0.345171089307743,-0.640142120187452,0.538298407797043,0.0729024133557642,0.118152142503039
"keyboard",-1.23987841673808,-0.187200209115785,-0.0908761924774548,0.966129660832481,-1.3235445254408,-0.241047745165805,-0.921323546830669
"face",-0.007458967457938,1.16512998152941,1.93466130590801,1.6185921052181,3.04354597588237,1.6339072414487,3.39826923304021
"comp_only",-0.367636451588559,-0.250730616903048,-0.387009503983688,0.258765215841892,-0.650682694487055,-0.143030080313584,-0.687705939499784
"no_face",0.00745896745793798,-1.16512998152941,-1.93466130590801,-1.6185921052181,-3.04354597588237,-1.6339072414487,-3.39826923304021
"body_only",0.572607899508434,1.01192756840387,1.52877198562596,1.01564806892613,3.31139358270508,1.58154215509541,3.25308793347573
"s_speak",1.93444910493859,-0.485575284523608,0.248939620497488,0.917211891088954,1.94341733907041,0.657839796080088,1.42528332902909
"power",0.192171396517088,-0.3641022369268,0.898905362241628,1.01643524751863,0.871316479644149,1.15559561986062,1.1824410764339
"enunciated",0.939872839934091,0.458422479672624,-1.39097330545068,-0.958163029122182,1.68101578669333,-0.819800658658797,0.149850728490092
"chillness",-0.752972042354299,0.242776631104423,-0.209229918086513,0.0121748375767598,-0.0679918437111991,0.669575002240079,-0.185828974039749
"presence",-0.406564323372635,0.496994243272113,1.48422665638173,1.49192542476202,1.61438251904471,0.953970964964519,2.08745573415126
"motherease",-1.80688148630745,0.12556014804139,-1.22395125557358,-1.67339571356321,0.253088577876901,-1.53721711436961,-0.654523798884796
"calmness",-1.62863172646473,-0.157920634720164,-0.463871011437832,0.872920174562996,0.206637913433484,1.34658965627282,-0.177917566978523
"dominance",0.172392418494144,1.21783809325812,2.10161133618591,2.45210280505246,0.824415382246924,0.86715161791154,1.96621346120544
"responsivity",-0.710900390233094,-0.920342290354744,0.991290665009115,1.55548459027324,0.0297924452305013,1.80297395104176,0.686802989753063
