Distant,Aloof,Unsociable,Introverted,Antisocial
0.0,4.028803948332275e-101,7.539276642970537e-126,1.1150953661557285e-98,1.2945707256255493e-89
4.028803948332275e-101,0.0,1.7813775695109907e-79,6.816601198612211e-79,9.245734313271432e-70
7.539276642970537e-126,1.7813775695109907e-79,0.0,1.4632575784954763e-100,4.504291114225308e-121
1.1150953661557285e-98,6.816601198612211e-79,1.4632575784954763e-100,0.0,3.9331978774041385e-128
1.2945707256255493e-89,9.245734313271432e-70,4.504291114225308e-121,3.9331978774041385e-128,0.0
