Timid,Yielding,Awkward,Shy,Meek
1.0,0.6548876734280302,0.7255978978767647,0.8255048048977061,0.8382144115992343
0.6548876734280302,1.0,0.5289481124008844,0.5813205814871674,0.6448747826426391
0.7255978978767647,0.5289481124008844,1.0,0.7884921624428421,0.6836912982249771
0.8255048048977061,0.5813205814871674,0.7884921624428421,1.0,0.8387101288539855
0.8382144115992343,0.6448747826426391,0.6836912982249771,0.8387101288539855,1.0
