Timid,Yielding,Awkward,Shy,Meek
0.0,1.9384846064048146e-29,5.0950575346510825e-49,5.6613193678487336e-71,6.321107126325299e-79
1.9384846064048146e-29,0.0,1.2212679376139955e-14,1.8179686238403477e-19,9.860984465465524e-25
5.0950575346510825e-49,1.2212679376139955e-14,0.0,7.06223813306341e-64,1.9428698706897576e-47
5.6613193678487336e-71,1.8179686238403477e-19,7.06223813306341e-64,0.0,9.280917844842811e-92
6.321107126325299e-79,9.860984465465524e-25,1.9428698706897576e-47,9.280917844842811e-92,0.0
