Openness,Conscientiousness,Extraversion,Agreeableness,Neuroticism
1.0,0.5155910529581175,0.6470219028204913,0.6200676666304629,0.1506602133904542
0.5155910529581175,1.0,0.4267914665276653,0.6103243804155825,0.22803277464037647
0.6470219028204913,0.4267914665276653,1.0,0.7353054846435492,0.10470544630927278
0.6200676666304629,0.6103243804155825,0.7353054846435492,1.0,0.1918593050208332
0.1506602133904542,0.22803277464037647,0.10470544630927278,0.1918593050208332,1.0
