Openness,Conscientiousness,Extraversion,Agreeableness,Neuroticism
1.0,0.4822236997319769,0.6282544475057095,0.5074796861846036,0.035636499421826916
0.4822236997319769,1.0,0.3156017347455888,0.384374243689294,-0.21958453773107273
0.6282544475057095,0.3156017347455888,1.0,0.4631218921429342,0.2879825745468267
0.5074796861846036,0.384374243689294,0.4631218921429342,1.0,-0.05363768467530178
0.035636499421826916,-0.21958453773107273,0.2879825745468267,-0.05363768467530178,1.0
