Openness,Conscientiousness,Extraversion,Agreeableness,Neuroticism
0.0,3.021054723411588e-12,2.391315118306932e-20,2.265455346544756e-18,0.05721763024914513
3.021054723411588e-12,0.0,1.8257731603710667e-08,1.0558826932537395e-17,0.0037303778871141274
2.391315118306932e-20,1.8257731603710667e-08,0.0,1.7407230589365795e-28,0.18761372316901717
2.265455346544756e-18,1.0558826932537395e-17,1.7407230589365795e-28,0.0,0.015080322953238096
0.05721763024914513,0.0037303778871141274,0.18761372316901717,0.015080322953238096,0.0
