Openness,Conscientiousness,Extraversion,Agreeableness,Neuroticism
0.0,2.0394201853173744e-22,1.1443137360361831e-38,3.7785977297741195e-24,0.009096787753829688
2.0394201853173744e-22,0.0,6.081689894690411e-13,1.193167253743733e-17,0.060216889004436905
1.1443137360361831e-38,6.081689894690411e-13,0.0,1.3715728152740332e-31,0.0008007674785807916
3.7785977297741195e-24,1.193167253743733e-17,1.3715728152740332e-31,0.0,0.17130247025942333
0.009096787753829688,0.060216889004436905,0.0008007674785807916,0.17130247025942333,0.0
