Openness,Conscientiousness,Extraversion,Agreeableness,Neuroticism
0.0,1.0704115727901119e-10,5.959317615502843e-19,7.453744379097542e-12,0.6546022941230428
1.0704115727901119e-10,0.0,4.7997190132603145e-05,5.221088728321495e-07,0.005272349617473085
5.959317615502843e-19,4.7997190132603145e-05,0.0,6.984496731445557e-10,0.0002218815255818877
7.453744379097542e-12,5.221088728321495e-07,6.984496731445557e-10,0.0,0.5005437316556232
0.6546022941230428,0.005272349617473085,0.0002218815255818877,0.5005437316556232,0.0
