Openness,Conscientiousness,Extraversion,Agreeableness,Neuroticism
1.0,0.5082039333558254,0.6426205667589033,0.5258272580045041,0.14560563140867172
0.5082039333558254,1.0,0.38805582207901407,0.4536609096971694,0.10517065332860577
0.6426205667589033,0.38805582207901407,1.0,0.5915436677603448,0.18649505357437654
0.5258272580045041,0.4536609096971694,0.5915436677603448,1.0,-0.07666265661000161
0.14560563140867172,0.10517065332860577,0.18649505357437654,-0.07666265661000161,1.0
